{
  "seed": null,
  "data_dir": "/Users/hsi/Documents/Projects/Current/ccxpDecaptcha/data",
  "resume": "/Users/hsi/Documents/Projects/Current/ccxpDecaptcha/out/last.pt",
  "output_dir": "/Users/hsi/Documents/Projects/Current/ccxpDecaptcha/out",
  "val_metrics": {
    "digit_accuracy": 0.9998914897441864,
    "sequence_accuracy": 0.9993489583333334
  },
  "test_metrics": {
    "digit_accuracy": 0.9999276598294576,
    "sequence_accuracy": 0.9995659722222222
  },
  "val_position_accuracy": [
    1.0,
    0.9997777777777778,
    0.9997777777777778,
    0.9997777777777778,
    1.0,
    1.0
  ],
  "test_position_accuracy": [
    1.0,
    0.9997777777777778,
    1.0,
    1.0,
    1.0,
    0.9997777777777778
  ],
  "best_sequence_accuracy": 0.9993489583333334
}