{
  "seed": null,
  "data_dir": ".",
  "resume": "last.pt",
  "output_dir": ".",
  "val_metrics": {
    "digit_accuracy": 0.9997106459405687,
    "sequence_accuracy": 0.9982638888888888
  },
  "test_metrics": {
    "digit_accuracy": 0.9995659622881148,
    "sequence_accuracy": 0.9973958333333334
  },
  "val_position_accuracy": [
    0.9997777777777778,
    0.9997777777777778,
    0.9995555555555555,
    0.9997777777777778,
    0.9995555555555555,
    0.9997777777777778
  ],
  "test_position_accuracy": [
    0.9993333333333333,
    0.9995555555555555,
    0.9997777777777778,
    1.0,
    0.9991111111111111,
    0.9995555555555555
  ],
  "best_sequence_accuracy": 0.9982638888888888
}